"SiteUrl","Type","Scope","Title","Name","Location","ScriptSrc","ScriptBlock","Description","Id"
"https://0nthj.sharepoint.com/","UserCustomAction","Web","MqNavigationTiles","{469f155d-35dd-4a6e-a8a2-ea71bf265668}","ClientSideExtension.ApplicationCustomizer",,,,"469f155d-35dd-4a6e-a8a2-ea71bf265668"
"https://0nthj.sharepoint.com/sites/ProjectTemplate","UserCustomAction","Web","SpFxListViewCommand","{90b4bf87-b381-47b4-8dc7-0e7f23fb22d8}","ClientSideExtension.ListViewCommandSet.CommandBar",,,,"90b4bf87-b381-47b4-8dc7-0e7f23fb22d8"
"https://0nthj.sharepoint.com/sites/Retail","UserCustomAction","Web","SpFxAppCustomizer2","{e0069838-d7fd-4959-b7f2-803593ac37d8}","ClientSideExtension.ApplicationCustomizer",,,,"e0069838-d7fd-4959-b7f2-803593ac37d8"
"https://0nthj.sharepoint.com/sites/SalesandMarketing","UserCustomAction","Web","SpFxAppCustomizer2","{7b344c4d-7230-46a9-9aaa-d8dcdf64ca9b}","ClientSideExtension.ApplicationCustomizer",,,,"7b344c4d-7230-46a9-9aaa-d8dcdf64ca9b"
"https://0nthj.sharepoint.com/sites/U.S.Sales","UserCustomAction","Web","SpFxListViewCommand","{79748811-6271-4c0c-8027-45adc93dccef}","ClientSideExtension.ListViewCommandSet.CommandBar",,,,"79748811-6271-4c0c-8027-45adc93dccef"
