"SiteUrl","ListTitle","ListUrl","BaseTemplate","ItemCount","HasUniquePermissions","Created","LastItemModifiedDate","EnableVersioning","ListId"
"https://0nthj-my.sharepoint.com/","Form Templates","/FormServerTemplates","101","0","False","4/12/2024 10:57:48 PM","4/12/2024 10:57:49 PM","False","93ee8f19-0eca-4da5-b8ed-85a9bea85ac6"
"https://0nthj-my.sharepoint.com/","Organization Logos","/Organization Logos","109","0","False","4/6/2024 4:06:09 PM","4/6/2024 4:06:09 PM","False","31b8a6ed-b15f-4cc1-b9d8-bdb67b4078b9"
"https://0nthj-my.sharepoint.com/","Site Pages","/SitePages","119","0","False","6/25/2025 6:24:34 PM","6/25/2025 6:24:34 PM","True","7a847b34-b0d1-4f8b-851f-3deac5a3598e"
"https://0nthj-my.sharepoint.com/","Style Library","/Style Library","101","5","False","4/6/2024 4:06:04 PM","4/12/2024 10:57:37 PM","True","0f5e6a4d-ef23-44a2-b32f-c07325b1e715"
"https://0nthj-my.sharepoint.com/","User Photos","/User Photos","109","46","False","4/6/2024 4:06:10 PM","12/9/2025 3:29:10 PM","False","e68292c6-ad33-4bf2-85e8-6fd72dc05e48"
"https://0nthj.sharepoint.com/","Documents","/Shared Documents","101","1","True","4/6/2024 4:21:01 PM","2/3/2026 6:01:43 PM","True","f13cb802-1439-4490-a92b-531ef4de42a1"
"https://0nthj.sharepoint.com/","Events","/Lists/Events","106","0","False","4/6/2024 4:21:03 PM","4/6/2024 4:21:03 PM","False","91f57c0a-29ab-4892-acc8-d9def56a94cb"
"https://0nthj.sharepoint.com/","Form Templates","/FormServerTemplates","101","0","False","4/12/2024 10:58:00 PM","4/12/2024 10:58:01 PM","False","2c9b457f-ccad-494a-945b-0ac7904d9c90"
"https://0nthj.sharepoint.com/","Navigation Tiles","/Lists/Navigation Tiles","100","2","False","11/20/2025 6:27:31 AM","2/3/2026 10:47:01 AM","True","ae1a2bc0-70e9-49e9-b4e6-51eaa8c8b696"
"https://0nthj.sharepoint.com/","Site Pages","/SitePages","119","1","False","4/6/2024 4:21:01 PM","2/3/2026 6:01:59 PM","True","d036e74b-5304-457a-8673-7d07d0d8255e"
"https://0nthj.sharepoint.com/","Style Library","/Style Library","101","0","False","4/6/2024 4:20:56 PM","4/6/2024 4:20:56 PM","True","880bb028-b28a-4e98-a321-285c09635490"
"https://0nthj.sharepoint.com/","Team","/Lists/Team","100","2","False","11/21/2024 9:41:54 AM","2/3/2026 6:02:07 PM","True","a3a4d181-053b-4496-aaa8-0380e1143cd1"
"https://0nthj.sharepoint.com/search","Form Templates","/search/FormServerTemplates","101","0","False","4/12/2024 11:01:23 PM","4/12/2024 11:01:24 PM","False","00121f03-c0b8-44d3-b384-f319b57eb5e9"
"https://0nthj.sharepoint.com/search","Site Pages","/search/SitePages","119","0","False","6/25/2025 6:24:40 PM","6/25/2025 6:24:41 PM","True","63365777-99a7-4e71-97e0-8ee458ed09ae"
"https://0nthj.sharepoint.com/search","Style Library","/search/Style Library","101","5","False","4/12/2024 11:01:04 PM","4/12/2024 11:01:22 PM","True","c5f74b38-4415-4f91-8bb5-4e718a8c6f80"
"https://0nthj.sharepoint.com/search","Tabs in Search Pages","/search/SearchCenter","301","0","False","4/12/2024 11:01:25 PM","4/12/2024 11:01:25 PM","False","e89cfbb2-bac6-4df8-8230-3fd34c91e57d"
"https://0nthj.sharepoint.com/search","Tabs in Search Results","/search/SearchResults","301","0","False","4/12/2024 11:01:25 PM","4/12/2024 11:01:25 PM","False","66081c81-3ae8-4e76-b3cc-628631e958d1"
"https://0nthj.sharepoint.com/sites/allcompany","Documents","/sites/allcompany/Shared Documents","101","0","False","4/8/2025 4:04:48 PM","4/8/2025 4:04:48 PM","True","6d43a172-7c77-4105-b101-e2a55bd2a594"
"https://0nthj.sharepoint.com/sites/allcompany","Form Templates","/sites/allcompany/FormServerTemplates","101","0","False","4/14/2025 4:19:33 PM","4/14/2025 4:19:35 PM","False","d15cdb0e-1a86-49a5-9f3a-38f2eae2944e"
"https://0nthj.sharepoint.com/sites/allcompany","Site Pages","/sites/allcompany/SitePages","119","1","False","4/8/2025 4:04:49 PM","2/3/2026 6:02:42 PM","True","2fffd7de-f042-4260-a04f-c3f84ff134c0"
"https://0nthj.sharepoint.com/sites/allcompany","Style Library","/sites/allcompany/Style Library","101","0","False","4/8/2025 4:04:44 PM","4/8/2025 4:04:44 PM","True","0fe7a3f7-4d05-4c87-94dc-fa1678d49583"
"https://0nthj.sharepoint.com/sites/appcatalog","App Requests","/sites/appcatalog/AppRequests","333","0","False","4/13/2024 4:26:08 PM","11/11/2025 1:27:51 PM","False","570a2a6e-6224-4fb3-b955-54fb3fdbaa48"
"https://0nthj.sharepoint.com/sites/appcatalog","Apps for Office","/sites/appcatalog/AgaveCatalog","332","0","False","4/13/2024 4:26:07 PM","11/11/2025 1:27:51 PM","True","e9ccd87d-139d-4ac3-bcf9-b0d82b12e9f7"
"https://0nthj.sharepoint.com/sites/appcatalog","Apps for SharePoint","/sites/appcatalog/AppCatalog","330","9","False","4/20/2024 7:19:42 AM","1/27/2026 11:10:58 AM","True","66d14e8d-2b61-4841-abc6-40e05da65f6f"
"https://0nthj.sharepoint.com/sites/appcatalog","Form Templates","/sites/appcatalog/FormServerTemplates","101","0","False","4/13/2024 4:26:06 PM","1/16/2026 7:18:12 PM","False","95a16d7e-32f3-46cd-b426-f90b66a10745"
"https://0nthj.sharepoint.com/sites/appcatalog","Site Assets","/sites/appcatalog/SiteAssets","101","0","False","4/13/2024 4:26:08 PM","4/13/2024 4:26:08 PM","True","eb50dcf7-5634-4906-9d00-d14851d900bc"
"https://0nthj.sharepoint.com/sites/appcatalog","Site Pages","/sites/appcatalog/SitePages","119","2","False","4/13/2024 4:26:08 PM","2/3/2026 6:03:02 PM","True","eb6a4521-a383-4657-9d8d-993261e56200"
"https://0nthj.sharepoint.com/sites/appcatalog","Style Library","/sites/appcatalog/Style Library","101","5","False","4/13/2024 4:25:50 PM","4/20/2024 7:19:41 AM","True","da2f105f-236a-4384-a1a0-6ef140b3d996"
"https://0nthj.sharepoint.com/sites/appcatalog","Tenant Wide Extensions","/sites/appcatalog/Lists/TenantWideExtensions","337","0","False","4/20/2024 7:19:43 AM","5/24/2025 4:20:09 AM","False","a4b18f9a-a127-4752-b9d6-88f899ecb494"
"https://0nthj.sharepoint.com/sites/DemoSite1","Documents","/sites/DemoSite1/Shared Documents","101","0","False","4/15/2025 3:24:22 PM","4/16/2025 2:55:16 PM","True","4bfff958-bbee-4869-a0e0-9a878e14b41f"
"https://0nthj.sharepoint.com/sites/DemoSite1","Form Templates","/sites/DemoSite1/FormServerTemplates","101","0","False","4/16/2025 2:55:55 PM","4/16/2025 2:55:58 PM","False","830b135e-5ec3-4a0a-806c-5c2e8a8eefcd"
"https://0nthj.sharepoint.com/sites/DemoSite1","Site Assets","/sites/DemoSite1/SiteAssets","101","4","False","4/16/2025 2:54:42 PM","4/28/2025 2:12:41 PM","True","9e806903-5d0f-412f-898b-4160034247c9"
"https://0nthj.sharepoint.com/sites/DemoSite1","Site Pages","/sites/DemoSite1/SitePages","119","2","False","4/15/2025 3:24:23 PM","2/3/2026 6:03:21 PM","True","20a5c5ad-c6d0-4518-aa3f-aada132b5e57"
"https://0nthj.sharepoint.com/sites/DemoSite1","Style Library","/sites/DemoSite1/Style Library","101","0","False","4/15/2025 3:24:19 PM","4/15/2025 3:24:19 PM","True","52f6921d-b26e-4ddc-85c6-ad3a1c4d0719"
"https://0nthj.sharepoint.com/sites/DemoSite2","Documents","/sites/DemoSite2/Shared Documents","101","0","False","4/15/2025 3:24:22 PM","4/15/2025 3:24:22 PM","True","4bfff958-bbee-4869-a0e0-9a878e14b41f"
"https://0nthj.sharepoint.com/sites/DemoSite2","Form Templates","/sites/DemoSite2/FormServerTemplates","101","0","False","4/16/2025 2:56:28 PM","4/16/2025 2:56:29 PM","False","a0a6355c-f5aa-493a-a863-2cde09582e3e"
"https://0nthj.sharepoint.com/sites/DemoSite2","Site Assets","/sites/DemoSite2/SiteAssets","101","3","False","4/16/2025 2:56:13 PM","4/16/2025 2:56:13 PM","True","6249b87e-e7f9-469e-8514-db38b5020ce5"
"https://0nthj.sharepoint.com/sites/DemoSite2","Site Pages","/sites/DemoSite2/SitePages","119","2","False","4/15/2025 3:24:23 PM","2/3/2026 6:03:38 PM","True","20a5c5ad-c6d0-4518-aa3f-aada132b5e57"
"https://0nthj.sharepoint.com/sites/DemoSite2","Style Library","/sites/DemoSite2/Style Library","101","0","False","4/15/2025 3:24:19 PM","4/15/2025 3:24:19 PM","True","52f6921d-b26e-4ddc-85c6-ad3a1c4d0719"
"https://0nthj.sharepoint.com/sites/DemoSite3","Documents","/sites/DemoSite3/Shared Documents","101","0","False","4/15/2025 3:24:22 PM","4/16/2025 2:57:36 PM","True","4bfff958-bbee-4869-a0e0-9a878e14b41f"
"https://0nthj.sharepoint.com/sites/DemoSite3","Form Templates","/sites/DemoSite3/FormServerTemplates","101","0","False","4/16/2025 2:58:04 PM","4/16/2025 2:58:07 PM","False","6c87c2a2-40b2-4722-ac79-94c1f96b42ae"
"https://0nthj.sharepoint.com/sites/DemoSite3","Site Assets","/sites/DemoSite3/SiteAssets","101","4","False","4/16/2025 2:57:23 PM","4/16/2025 2:57:34 PM","True","be4110ab-44d7-4827-b4ac-860f00f86218"
"https://0nthj.sharepoint.com/sites/DemoSite3","Site Pages","/sites/DemoSite3/SitePages","119","2","False","4/15/2025 3:24:23 PM","2/3/2026 6:03:55 PM","True","20a5c5ad-c6d0-4518-aa3f-aada132b5e57"
"https://0nthj.sharepoint.com/sites/DemoSite3","Style Library","/sites/DemoSite3/Style Library","101","0","False","4/15/2025 3:24:19 PM","4/15/2025 3:24:19 PM","True","52f6921d-b26e-4ddc-85c6-ad3a1c4d0719"
"https://0nthj.sharepoint.com/sites/DigitalInitiativePublicRelations","Documents","/sites/DigitalInitiativePublicRelations/Shared Documents","101","0","False","4/6/2024 4:20:49 PM","4/6/2024 4:20:49 PM","True","c6bc057b-e4f7-4918-8d0e-ff197950f9a1"
"https://0nthj.sharepoint.com/sites/DigitalInitiativePublicRelations","Form Templates","/sites/DigitalInitiativePublicRelations/FormServerTemplates","101","0","False","4/13/2024 9:06:55 AM","1/16/2026 7:04:36 PM","False","c4ef245c-7017-486e-acff-605789d4b3fa"
"https://0nthj.sharepoint.com/sites/DigitalInitiativePublicRelations","Site Pages","/sites/DigitalInitiativePublicRelations/SitePages","119","1","False","4/6/2024 4:20:50 PM","2/3/2026 6:04:14 PM","True","2bd62b60-c2c2-4bf9-a3f7-2005ca847214"
"https://0nthj.sharepoint.com/sites/DigitalInitiativePublicRelations","Style Library","/sites/DigitalInitiativePublicRelations/Style Library","101","0","False","4/6/2024 4:20:46 PM","4/6/2024 4:20:46 PM","True","a3e04244-bb2b-4f81-b7a5-accda913e173"
"https://0nthj.sharepoint.com/sites/FormCustomizerDemo","Documents","/sites/FormCustomizerDemo/Shared Documents","101","0","False","7/26/2025 3:27:55 PM","7/30/2025 1:33:28 AM","True","760a53eb-3770-4166-be2c-7c47fa21ce5a"
"https://0nthj.sharepoint.com/sites/FormCustomizerDemo","Form Templates","/sites/FormCustomizerDemo/FormServerTemplates","101","0","False","7/30/2025 1:33:04 AM","7/30/2025 1:33:05 AM","False","b2ac539a-c534-442c-bcb5-288d011ad5a9"
"https://0nthj.sharepoint.com/sites/FormCustomizerDemo","Site Assets","/sites/FormCustomizerDemo/SiteAssets","101","4","False","7/30/2025 1:32:48 AM","2/3/2026 10:47:00 AM","True","10378b9d-1640-473c-82d2-5c421514ac7b"
"https://0nthj.sharepoint.com/sites/FormCustomizerDemo","Site Pages","/sites/FormCustomizerDemo/SitePages","119","2","False","7/26/2025 3:27:56 PM","2/3/2026 6:04:36 PM","True","118762ba-48fa-478f-8097-07d8aed7d4ae"
"https://0nthj.sharepoint.com/sites/FormCustomizerDemo","Style Library","/sites/FormCustomizerDemo/Style Library","101","0","False","7/26/2025 3:27:52 PM","7/26/2025 3:27:52 PM","True","70106464-a744-430e-9e38-495b0d71122e"
"https://0nthj.sharepoint.com/sites/FormCustomizerDemo","Test","/sites/FormCustomizerDemo/Lists/Test","100","2","False","7/30/2025 1:33:44 AM","2/3/2026 6:04:41 PM","True","85094279-0cf0-45b8-b842-8e0efe08b8fa"
"https://0nthj.sharepoint.com/sites/Mark8ProjectTeam","Documents","/sites/Mark8ProjectTeam/Shared Documents","101","8","False","4/6/2024 4:20:49 PM","5/23/2025 3:06:04 PM","True","c6bc057b-e4f7-4918-8d0e-ff197950f9a1"
"https://0nthj.sharepoint.com/sites/Mark8ProjectTeam","Form Templates","/sites/Mark8ProjectTeam/FormServerTemplates","101","0","False","4/13/2024 9:06:40 AM","4/13/2024 9:06:42 AM","False","a82b0d1e-23ca-4810-9108-7f332c3e9aa8"
"https://0nthj.sharepoint.com/sites/Mark8ProjectTeam","Site Assets","/sites/Mark8ProjectTeam/SiteAssets","101","2","False","5/23/2025 3:06:02 PM","2/3/2026 10:47:00 AM","True","64e31e46-2e15-4563-98eb-1a8666d52c62"
"https://0nthj.sharepoint.com/sites/Mark8ProjectTeam","Site Pages","/sites/Mark8ProjectTeam/SitePages","119","2","False","4/6/2024 4:20:50 PM","2/3/2026 6:05:00 PM","True","2bd62b60-c2c2-4bf9-a3f7-2005ca847214"
"https://0nthj.sharepoint.com/sites/Mark8ProjectTeam","Style Library","/sites/Mark8ProjectTeam/Style Library","101","0","False","4/6/2024 4:20:46 PM","4/6/2024 4:20:46 PM","True","a3e04244-bb2b-4f81-b7a5-accda913e173"
"https://0nthj.sharepoint.com/sites/OpenIssueDemo","Business","/sites/OpenIssueDemo/Lists/Business","100","0","False","4/28/2025 6:22:22 AM","5/15/2025 2:01:40 PM","True","9f1e939e-4ef7-4dae-96b4-dabe9df3f424"
"https://0nthj.sharepoint.com/sites/OpenIssueDemo","Documents","/sites/OpenIssueDemo/Shared Documents","101","2","False","4/15/2025 3:24:22 PM","2/3/2026 6:05:18 PM","True","4bfff958-bbee-4869-a0e0-9a878e14b41f"
"https://0nthj.sharepoint.com/sites/OpenIssueDemo","Form Templates","/sites/OpenIssueDemo/FormServerTemplates","101","0","False","4/22/2025 8:36:19 AM","4/22/2025 8:36:20 AM","False","ccf1a8bf-1d66-4953-baf4-78d917db9afd"
"https://0nthj.sharepoint.com/sites/OpenIssueDemo","FormTest","/sites/OpenIssueDemo/Lists/FormTest","100","0","False","5/25/2025 1:55:04 PM","6/2/2025 1:59:54 PM","True","cef454eb-df67-490e-8630-ac00779a0f1d"
"https://0nthj.sharepoint.com/sites/OpenIssueDemo","Open Issues","/sites/OpenIssueDemo/Lists/Open Issues","100","3","False","4/24/2025 11:42:34 AM","2/3/2026 6:05:27 PM","True","ee3f461e-ac07-4964-a2f3-1e0d45b5a438"
"https://0nthj.sharepoint.com/sites/OpenIssueDemo","Projects","/sites/OpenIssueDemo/Lists/Projects","100","4","False","4/25/2025 9:38:54 AM","2/3/2026 6:05:30 PM","True","707c18ba-7d74-4ef1-b6da-e3de9e097b66"
"https://0nthj.sharepoint.com/sites/OpenIssueDemo","Site Assets","/sites/OpenIssueDemo/SiteAssets","101","6","True","4/22/2025 8:36:14 AM","2/3/2026 10:47:00 AM","True","ce075269-6fa5-4501-8a30-aa677a234e95"
"https://0nthj.sharepoint.com/sites/OpenIssueDemo","Site Pages","/sites/OpenIssueDemo/SitePages","119","3","False","4/15/2025 3:24:23 PM","2/3/2026 6:05:37 PM","True","20a5c5ad-c6d0-4518-aa3f-aada132b5e57"
"https://0nthj.sharepoint.com/sites/OpenIssueDemo","Style Library","/sites/OpenIssueDemo/Style Library","101","0","False","4/15/2025 3:24:19 PM","4/15/2025 3:24:19 PM","True","52f6921d-b26e-4ddc-85c6-ad3a1c4d0719"
"https://0nthj.sharepoint.com/sites/OpenIssueDemo","TestList","/sites/OpenIssueDemo/Lists/TestList","100","0","False","5/5/2025 12:10:41 PM","5/29/2025 2:09:02 AM","True","dd02963d-8517-46b6-a3ce-df26983faf03"
"https://0nthj.sharepoint.com/sites/POCHub","Apps for SharePoint","/sites/POCHub/AppCatalog","336","2","False","5/24/2025 5:27:39 AM","7/1/2025 1:16:15 AM","True","e6d2ea55-d207-44e3-b376-fe69d2bb88c7"
"https://0nthj.sharepoint.com/sites/POCHub","Cities","/sites/POCHub/Lists/Cities","100","5","False","6/12/2025 3:00:15 PM","2/3/2026 6:06:00 PM","True","cd2018cc-b385-40b2-b576-7f01fb63bf40"
"https://0nthj.sharepoint.com/sites/POCHub","Departments","/sites/POCHub/Lists/Departments","100","5","False","5/27/2025 1:56:11 PM","2/3/2026 6:06:05 PM","True","e6594385-6bae-4a2d-9d48-8d700ebfe968"
"https://0nthj.sharepoint.com/sites/POCHub","Documents","/sites/POCHub/Shared Documents","101","2","True","5/18/2025 3:21:48 PM","8/23/2025 3:06:16 PM","True","bf791715-7af2-4b94-a66b-8e9d88058dc5"
"https://0nthj.sharepoint.com/sites/POCHub","Employees","/sites/POCHub/Lists/Employees","100","5","False","5/27/2025 1:55:31 PM","2/3/2026 6:06:12 PM","True","c4d10519-a527-4383-8d57-e5446a78f462"
"https://0nthj.sharepoint.com/sites/POCHub","Form Templates","/sites/POCHub/FormServerTemplates","101","0","False","5/24/2025 5:27:27 AM","5/24/2025 5:27:27 AM","False","5cec03da-5302-4553-8d12-9b4316468664"
"https://0nthj.sharepoint.com/sites/POCHub","ListCommandSet","/sites/POCHub/Lists/ListCommandSet","100","1","False","5/24/2025 1:34:33 PM","2/3/2026 6:06:20 PM","True","7fc97a35-38dc-4d59-a8d4-7993aa6297f6"
"https://0nthj.sharepoint.com/sites/POCHub","Navigation Tiles","/sites/POCHub/Lists/Navigation Tiles","100","1","False","11/20/2025 6:43:07 AM","2/3/2026 6:06:24 PM","True","ef805c9c-c88b-41b6-83e4-030c0e49e7a6"
"https://0nthj.sharepoint.com/sites/POCHub","ProjectStatus","/sites/POCHub/Lists/ProjectStatus","100","3","False","5/24/2025 12:27:47 PM","2/3/2026 6:06:28 PM","True","aba0bd3c-2cbd-4a72-80ef-35c59d6507ad"
"https://0nthj.sharepoint.com/sites/POCHub","Site Assets","/sites/POCHub/SiteAssets","101","4","False","5/24/2025 5:26:28 AM","2/3/2026 10:47:00 AM","True","306a91fd-e125-4ee0-82fc-d70f88c10f3a"
"https://0nthj.sharepoint.com/sites/POCHub","Site Pages","/sites/POCHub/SitePages","119","5","False","5/18/2025 3:21:49 PM","2/3/2026 6:06:36 PM","True","7af8e4a2-120e-4bba-8309-ae24b08af1b6"
"https://0nthj.sharepoint.com/sites/POCHub","Style Library","/sites/POCHub/Style Library","101","0","False","5/18/2025 3:21:45 PM","5/24/2025 5:37:42 AM","True","860a4594-876b-4343-a60f-b5bbc5176a7d"
"https://0nthj.sharepoint.com/sites/POCHub","TaskList1","/sites/POCHub/Lists/TaskList1","100","3","False","12/10/2025 5:19:09 AM","2/3/2026 6:06:44 PM","True","9f918677-7c6c-4917-92a5-0fec96156628"
"https://0nthj.sharepoint.com/sites/POCHub","TaskList2","/sites/POCHub/Lists/TaskList2","100","3","False","12/10/2025 5:21:42 AM","2/3/2026 6:06:48 PM","True","bc16a098-b7a8-4153-b0e8-17ba3523a288"
"https://0nthj.sharepoint.com/sites/ProjectTemplate","Documents","/sites/ProjectTemplate/Shared Documents","101","2","False","7/5/2025 3:42:04 PM","2/3/2026 6:26:56 PM","True","73c17247-fab1-41db-bf16-fccc389ac0d2"
"https://0nthj.sharepoint.com/sites/ProjectTemplate","Form Templates","/sites/ProjectTemplate/FormServerTemplates","101","0","False","7/26/2025 9:59:26 AM","7/26/2025 9:59:27 AM","False","5e47b8e3-8d26-4132-9713-5a63178285fb"
"https://0nthj.sharepoint.com/sites/ProjectTemplate","Site Assets","/sites/ProjectTemplate/SiteAssets","101","4","False","7/26/2025 9:59:09 AM","2/3/2026 10:47:00 AM","True","8c160567-ff95-4df1-8cef-3c6a8cbcf63d"
"https://0nthj.sharepoint.com/sites/ProjectTemplate","Site Pages","/sites/ProjectTemplate/SitePages","119","2","False","7/5/2025 3:42:05 PM","2/3/2026 6:07:07 PM","True","321f0736-5933-494e-acf2-2d41fe9ae81d"
"https://0nthj.sharepoint.com/sites/ProjectTemplate","Style Library","/sites/ProjectTemplate/Style Library","101","0","False","7/5/2025 3:41:59 PM","7/5/2025 3:41:59 PM","True","97fee935-53a5-4732-b9e6-d8f112a5dcf2"
"https://0nthj.sharepoint.com/sites/ProjectTemplate","Test","/sites/ProjectTemplate/Lists/Test","100","5","False","7/26/2025 10:00:02 AM","2/3/2026 6:07:12 PM","True","f20eccf9-c296-400b-a313-4bedee1f7bef"
"https://0nthj.sharepoint.com/sites/ProjectTemplate","TestList","/sites/ProjectTemplate/Lists/TestList","100","1","False","7/28/2025 1:20:16 AM","2/3/2026 6:07:15 PM","True","46219421-115e-4b97-a168-a3b7200b0f04"
"https://0nthj.sharepoint.com/sites/Retail","Apps for SharePoint","/sites/Retail/AppCatalog","336","0","False","5/24/2025 5:21:47 AM","5/24/2025 5:43:41 AM","True","ba638f3b-77e1-4498-a7be-86f0bf6b2c01"
"https://0nthj.sharepoint.com/sites/Retail","Documents","/sites/Retail/Shared Documents","101","5","False","4/6/2024 4:20:49 PM","2/3/2026 6:07:30 PM","True","c6bc057b-e4f7-4918-8d0e-ff197950f9a1"
"https://0nthj.sharepoint.com/sites/Retail","Form Templates","/sites/Retail/FormServerTemplates","101","0","False","4/13/2024 9:09:31 AM","4/13/2024 9:09:32 AM","False","6670a033-4760-4082-b86e-8b8db2334942"
"https://0nthj.sharepoint.com/sites/Retail","Site Assets","/sites/Retail/SiteAssets","101","7","True","4/10/2025 3:42:14 AM","2/3/2026 10:47:00 AM","True","c379318c-619b-498b-9043-9df29477a40a"
"https://0nthj.sharepoint.com/sites/Retail","Site Pages","/sites/Retail/SitePages","119","1","False","4/6/2024 4:20:50 PM","2/3/2026 6:07:41 PM","True","2bd62b60-c2c2-4bf9-a3f7-2005ca847214"
"https://0nthj.sharepoint.com/sites/Retail","Style Library","/sites/Retail/Style Library","101","0","False","4/6/2024 4:20:46 PM","4/6/2024 4:20:46 PM","True","a3e04244-bb2b-4f81-b7a5-accda913e173"
"https://0nthj.sharepoint.com/sites/Retail","TaskLIst","/sites/Retail/Lists/TaskLIst","171","2","False","4/14/2025 2:54:47 PM","2/3/2026 6:07:47 PM","False","a7fc9de2-073e-4d3e-88d7-8f93b9c57554"
"https://0nthj.sharepoint.com/sites/SalesandMarketing","Documents","/sites/SalesandMarketing/Shared Documents","101","0","False","4/6/2024 4:20:49 PM","7/18/2025 1:33:39 AM","True","c6bc057b-e4f7-4918-8d0e-ff197950f9a1"
"https://0nthj.sharepoint.com/sites/SalesandMarketing","Form Templates","/sites/SalesandMarketing/FormServerTemplates","101","0","False","4/13/2024 9:10:12 AM","4/13/2024 9:10:13 AM","False","92b4e9d3-b774-4336-8f5e-9df1979ca469"
"https://0nthj.sharepoint.com/sites/SalesandMarketing","Site Assets","/sites/SalesandMarketing/SiteAssets","101","2","False","7/18/2025 1:33:36 AM","2/3/2026 10:47:00 AM","True","dec58397-7ae5-47f5-a93c-396121c4d2c3"
"https://0nthj.sharepoint.com/sites/SalesandMarketing","Site Pages","/sites/SalesandMarketing/SitePages","119","1","False","4/6/2024 4:20:50 PM","2/3/2026 6:08:07 PM","True","2bd62b60-c2c2-4bf9-a3f7-2005ca847214"
"https://0nthj.sharepoint.com/sites/SalesandMarketing","Style Library","/sites/SalesandMarketing/Style Library","101","0","False","4/6/2024 4:20:46 PM","4/6/2024 4:20:46 PM","True","a3e04244-bb2b-4f81-b7a5-accda913e173"
"https://0nthj.sharepoint.com/sites/TimeTracking","Apps for SharePoint","/sites/TimeTracking/AppCatalog","336","1","False","5/5/2025 3:09:42 PM","5/6/2025 2:07:15 PM","True","1bb61cd7-ba56-47bc-9e61-6da1ce689424"
"https://0nthj.sharepoint.com/sites/TimeTracking","Cities","/sites/TimeTracking/Lists/Cities","100","5","False","4/19/2025 4:24:30 AM","2/4/2026 6:57:11 AM","True","778eac82-9d57-4727-a36d-3b9e850044d1"
"https://0nthj.sharepoint.com/sites/TimeTracking","Clients","/sites/TimeTracking/Lists/Clients","100","3","False","9/21/2024 1:14:07 PM","2/4/2026 6:57:14 AM","True","4de25b0d-e6f9-477c-aa92-e5244ca444be"
"https://0nthj.sharepoint.com/sites/TimeTracking","Customers","/sites/TimeTracking/Lists/Customers","100","0","False","5/15/2025 6:25:37 AM","5/23/2025 2:49:41 PM","True","dd1724c1-f8bf-4aed-946b-35a7612ee5d6"
"https://0nthj.sharepoint.com/sites/TimeTracking","Documents","/sites/TimeTracking/Shared Documents","101","0","False","8/17/2024 3:16:44 PM","11/28/2024 4:57:07 AM","True","3626610d-12c1-462c-93f1-9c68e5d061b6"
"https://0nthj.sharepoint.com/sites/TimeTracking","FieldCustomDemo","/sites/TimeTracking/Lists/FieldCustomDemo","100","3","False","5/23/2025 2:54:08 PM","2/4/2026 6:57:21 AM","True","b8595956-2fa8-4da0-8077-e9c5d348f6a5"
"https://0nthj.sharepoint.com/sites/TimeTracking","Form Templates","/sites/TimeTracking/FormServerTemplates","101","0","False","9/21/2024 1:13:52 PM","9/21/2024 1:13:52 PM","False","e8642904-e663-49c5-847a-f16a538fe202"
"https://0nthj.sharepoint.com/sites/TimeTracking","Projects","/sites/TimeTracking/Lists/Projects","100","9","False","9/21/2024 1:15:45 PM","2/4/2026 6:57:26 AM","True","23e0c0df-5a1d-4400-a95e-d56dc43eb291"
"https://0nthj.sharepoint.com/sites/TimeTracking","Site Assets","/sites/TimeTracking/SiteAssets","101","4","False","9/21/2024 1:13:12 PM","2/3/2026 10:47:00 AM","True","0ceb7690-39a8-4a84-9ee3-ec0a39b6fb38"
"https://0nthj.sharepoint.com/sites/TimeTracking","Site Pages","/sites/TimeTracking/SitePages","119","3","False","8/17/2024 3:16:45 PM","2/4/2026 6:57:32 AM","True","5b206466-5850-449b-83d5-812b62e9234e"
"https://0nthj.sharepoint.com/sites/TimeTracking","Style Library","/sites/TimeTracking/Style Library","101","0","False","8/17/2024 3:16:42 PM","8/17/2024 3:16:42 PM","True","a485feb7-4f88-40b2-b062-85e3da1a3ff9"
"https://0nthj.sharepoint.com/sites/TimeTracking","Tasks","/sites/TimeTracking/Lists/Tasks","100","0","False","9/21/2024 1:19:40 PM","6/2/2025 2:00:02 PM","True","d7c0df4e-bb97-459e-bac3-14fbd30898b5"
"https://0nthj.sharepoint.com/sites/TimeTracking","Team_New","/sites/TimeTracking/Lists/TeamNew","100","0","False","11/28/2024 4:58:54 AM","4/15/2025 2:00:26 PM","True","aaaced29-8183-4a7c-9398-f33fa531aebb"
"https://0nthj.sharepoint.com/sites/TimeTracking","Timesheets","/sites/TimeTracking/Lists/Timesheets","100","0","False","9/21/2024 1:22:11 PM","6/2/2025 2:00:23 PM","True","90a6f13c-5a4f-43bd-8d16-ae5e657b2afa"
"https://0nthj.sharepoint.com/sites/U.S.Sales","Documents","/sites/U.S.Sales/Shared Documents","101","1","False","4/6/2024 4:20:49 PM","2/4/2026 6:57:56 AM","True","c6bc057b-e4f7-4918-8d0e-ff197950f9a1"
"https://0nthj.sharepoint.com/sites/U.S.Sales","Form Templates","/sites/U.S.Sales/FormServerTemplates","101","0","False","4/13/2024 9:11:30 AM","4/13/2024 9:11:31 AM","False","e718a420-f286-475f-96b3-b382adc46d7b"
"https://0nthj.sharepoint.com/sites/U.S.Sales","ProjectGoals","/sites/U.S.Sales/Lists/ProjectGoals","100","3","False","7/23/2025 12:55:04 AM","2/4/2026 6:58:02 AM","True","a946f0b5-b881-4140-9142-5eb53ca8cd5f"
"https://0nthj.sharepoint.com/sites/U.S.Sales","Projects","/sites/U.S.Sales/Lists/Projects","100","3","False","7/20/2025 1:20:58 PM","2/4/2026 6:58:05 AM","True","21c8d12c-2366-404b-8d5f-079753034afa"
"https://0nthj.sharepoint.com/sites/U.S.Sales","Site Assets","/sites/U.S.Sales/SiteAssets","101","2","False","7/20/2025 1:20:33 PM","2/3/2026 10:47:00 AM","True","1ac84266-102b-448a-9a6b-89192922fb1c"
"https://0nthj.sharepoint.com/sites/U.S.Sales","Site Pages","/sites/U.S.Sales/SitePages","119","1","False","4/6/2024 4:20:50 PM","2/4/2026 6:58:11 AM","True","2bd62b60-c2c2-4bf9-a3f7-2005ca847214"
"https://0nthj.sharepoint.com/sites/U.S.Sales","Style Library","/sites/U.S.Sales/Style Library","101","0","False","4/6/2024 4:20:46 PM","4/6/2024 4:20:46 PM","True","a3e04244-bb2b-4f81-b7a5-accda913e173"
