"SiteUrl","Title","Template","TemplateId","ServerRelativeUrl","Created","LastItemModifiedDate","HasUniquePermissions","WebId","SiteId"
"https://0nthj-my.sharepoint.com/","","SPSMSITEHOST","SPSMSITEHOST#","/",,,"True","84e51235-a457-43fd-9db2-0d1af02d86f6",
"https://0nthj.sharepoint.com/","Communication site","SITEPAGEPUBLISHING","SITEPAGEPUBLISHING#","/",,,"True","74ced1f7-fa19-4662-a9b4-50c067a968ba",
"https://0nthj.sharepoint.com/search","","SRCHCENTERLITE","SRCHCENTERLITE#","/search",,,"True","45c6fc2d-ee9f-4721-89fc-01be15084caa",
"https://0nthj.sharepoint.com/sites/allcompany","All Company","GROUP","GROUP#","/sites/allcompany",,,"True","79024666-f74e-4dab-bc1b-dc5c26aa0fb0",
"https://0nthj.sharepoint.com/sites/appcatalog","Apps","APPCATALOG","APPCATALOG#","/sites/appcatalog",,,"True","2c57a835-214f-41ea-9e02-81d50d0cb58a",
"https://0nthj.sharepoint.com/sites/DemoSite1","DemoSite1","GROUP","GROUP#","/sites/DemoSite1",,,"True","2c591778-c60a-4a75-a463-eb0e6f635475",
"https://0nthj.sharepoint.com/sites/DemoSite2","DemoSite2","GROUP","GROUP#","/sites/DemoSite2",,,"True","2c591778-c60a-4a75-a463-eb0e6f635475",
"https://0nthj.sharepoint.com/sites/DemoSite3","DemoSite3","GROUP","GROUP#","/sites/DemoSite3",,,"True","2c591778-c60a-4a75-a463-eb0e6f635475",
"https://0nthj.sharepoint.com/sites/DigitalInitiativePublicRelations","Digital Initiative Public Relations","GROUP","GROUP#","/sites/DigitalInitiativePublicRelations",,,"True","ab814c90-8660-4774-855c-1745c2000c1b",
"https://0nthj.sharepoint.com/sites/FormCustomizerDemo","FormCustomizerDemo","GROUP","GROUP#","/sites/FormCustomizerDemo",,,"True","a39a2a62-0e57-4cde-a259-cf10f8375af1",
"https://0nthj.sharepoint.com/sites/Mark8ProjectTeam","Mark 8 Project Team","GROUP","GROUP#","/sites/Mark8ProjectTeam",,,"True","ab814c90-8660-4774-855c-1745c2000c1b",
"https://0nthj.sharepoint.com/sites/OpenIssueDemo","OpenIssueDemo","GROUP","GROUP#","/sites/OpenIssueDemo",,,"True","2c591778-c60a-4a75-a463-eb0e6f635475",
"https://0nthj.sharepoint.com/sites/POCHub","POCHub","GROUP","GROUP#","/sites/POCHub",,,"True","4af1511d-5d2c-4498-a00e-8fbd0e8731f0",
"https://0nthj.sharepoint.com/sites/ProjectTemplate","ProjectTemplate","GROUP","GROUP#","/sites/ProjectTemplate",,,"True","15fdd242-f97a-4d6d-a573-1d5a558342a7",
"https://0nthj.sharepoint.com/sites/Retail","Retail","GROUP","GROUP#","/sites/Retail",,,"True","ab814c90-8660-4774-855c-1745c2000c1b",
"https://0nthj.sharepoint.com/sites/SalesandMarketing","Sales and Marketing","GROUP","GROUP#","/sites/SalesandMarketing",,,"True","ab814c90-8660-4774-855c-1745c2000c1b",
"https://0nthj.sharepoint.com/sites/TimeTracking","Time Tracking","GROUP","GROUP#","/sites/TimeTracking",,,"True","93dcf2b5-5b7d-41e2-a799-e09c0c51a44c",
"https://0nthj.sharepoint.com/sites/U.S.Sales","U.S. Sales","GROUP","GROUP#","/sites/U.S.Sales",,,"True","ab814c90-8660-4774-855c-1745c2000c1b",
