"Title","Count"
"_DataFolderAssets","0"
"Documents","1"
"Documents Archive","0"
"Drop Off Library","0"
"Form Templates","0"
"Images","4"
"Pages","8"
"Site Assets","13"
"Site Collection Documents","0"
"Site Collection Images","0"
"Site Pages","2"
"Style Library","21"
"Approval Authorities","24"
"Calendar","0"
"MicroFeed","2"
"Navigation Tiles","23"
"Open Issues","0"
"PEP Announcements","0"
"PEP Baseline Documents","0"
"PEP Links","8"
"PEP PR Analyze Templates","1"
"PEP PR Description Templates","1"
"Problem Reports","0"
"Reusable Content","9"
"Team","8"
